SiteAbbrev,Site,drought,heat,wateruse,nonnative
MC,Maverick,3.364324086,4.518902847,4.875204497,0
SC,Salado,3.763948271,4.663182796,5.129449628,0.009462922
LCT,Leon Creek Trib,4.116219455,4.747198019,5.473541165,0
FC,French,3.472847426,4.587670507,4.842856296,0.045592042
GC,Gov Canyon,3.348615988,4.627548836,4.718629382,0
GCT,Gov Canyon Trib,3.02974666,4.536813468,4.909574355,0
HC,Huesta,3.50473909,4.609983338,4.980886235,0.110488658
LC,Leon,3.317854297,4.741016697,4.564926326,0
