SiteAbbrev,Site,drought,heat,wateruse,nonnative
MC,Maverick,3.293656321,4.529986047,4.869155327,0
SC,Salado,3.510473571,4.640473185,5.06974887,0.023516879
LCT,Leon Creek Trib,3.756952874,4.798716462,5.05733857,0
FC,French,3.220775044,4.465803112,4.909177954,0.066638303
GC,Gov Canyon,3.284426133,4.604102136,4.759654344,0
GCT,Gov Canyon Trib,2.92695325,4.49814787,4.925216919,0
HC,Huesta,3.231578018,4.659359435,4.868483841,0.098807517
LC,Leon,3.513634279,4.595009748,4.72220562,0
